{"train_loss": [0.11631453037261963, 0.02909003011882305, 0.022492462769150734, 0.020340275019407272, 0.019576679915189743, 0.018874429166316986, 0.01776782236993313, 0.017128657549619675, 0.013934156857430935, 0.011853323318064213, 0.008110408671200275, 0.0066381110809743404, 0.0054902369156479836, 0.005267438944429159, 0.005026505794376135, 0.004942229948937893, 0.004836640320718288, 0.004726031329482794, 0.0046868897043168545, 0.004564797040075064, 0.004414856433868408, 0.004378028679639101, 0.004315568599849939, 0.0043685222044587135, 0.004246086347848177, 0.004185451660305262, 0.004102732986211777, 0.004055602476000786, 0.004058326128870249, 0.004040990024805069, 0.003949416801333427, 0.00390636408701539, 0.0038858274929225445, 0.003933624364435673, 0.003871958004310727, 0.003745367983356118, 0.003979046829044819, 0.003721546148881316, 0.003734830068424344, 0.003704020520672202, 0.0038133312482386827, 0.0036424973513931036, 0.003756915219128132, 0.0036399310920387506, 0.0035630171187222004, 0.0037313534412533045, 0.003588400548323989, 0.003638065652921796], "val_loss": [0.037199463695287704, 0.024474896490573883, 0.02099084109067917, 0.019721055403351784, 0.019101884216070175, 0.0183065477758646, 0.017062101513147354, 0.01639195904135704, 0.012868746183812618, 0.009370451793074608, 0.008010314777493477, 0.005572824738919735, 0.005191987380385399, 0.005045246332883835, 0.004793612752109766, 0.0047087883576750755, 0.0051851458847522736, 0.004472311586141586, 0.004703198093920946, 0.004393015056848526, 0.004312819801270962, 0.004252520389854908, 0.0043393829837441444, 0.004088778048753738, 0.004003604408353567, 0.003966690041124821, 0.003965647425502539, 0.003917334601283073, 0.0038642433937639, 0.004004676826298237, 0.003846588311716914, 0.0038238102570176125, 0.003849735949188471, 0.0036720111966133118, 0.003653528867289424, 0.0038143405690789223, 0.003736736485734582, 0.003641884308308363, 0.0037383786402642727, 0.0036305664107203484, 0.0035838575568050146, 0.0035454658791422844, 0.0035693540703505278, 0.0034901711624115705, 0.0034915097057819366, 0.00360387796536088, 0.0035273954272270203, 0.0036310816649347544]}