{"Epoch_1": 0.11631453037261963, "Epoch_2": 0.02909003011882305, "Epoch_3": 0.022492462769150734, "Epoch_4": 0.020340275019407272, "Epoch_5": 0.019576679915189743, "Epoch_6": 0.018874429166316986, "Epoch_7": 0.01776782236993313, "Epoch_8": 0.017128657549619675, "Epoch_9": 0.013934156857430935, "Epoch_10": 0.011853323318064213, "Epoch_11": 0.008110408671200275, "Epoch_12": 0.0066381110809743404, "Epoch_13": 0.0054902369156479836, "Epoch_14": 0.005267438944429159, "Epoch_15": 0.005026505794376135, "Epoch_16": 0.004942229948937893, "Epoch_17": 0.004836640320718288, "Epoch_18": 0.004726031329482794, "Epoch_19": 0.0046868897043168545, "Epoch_20": 0.004564797040075064, "Epoch_21": 0.004414856433868408, "Epoch_22": 0.004378028679639101, "Epoch_23": 0.004315568599849939, "Epoch_24": 0.0043685222044587135, "Epoch_25": 0.004246086347848177, "Epoch_26": 0.004185451660305262, "Epoch_27": 0.004102732986211777, "Epoch_28": 0.004055602476000786, "Epoch_29": 0.004058326128870249, "Epoch_30": 0.004040990024805069, "Epoch_31": 0.003949416801333427, "Epoch_32": 0.00390636408701539, "Epoch_33": 0.0038858274929225445, "Epoch_34": 0.003933624364435673, "Epoch_35": 0.003871958004310727, "Epoch_36": 0.003745367983356118, "Epoch_37": 0.003979046829044819, "Epoch_38": 0.003721546148881316, "Epoch_39": 0.003734830068424344, "Epoch_40": 0.003704020520672202, "Epoch_41": 0.0038133312482386827, "Epoch_42": 0.0036424973513931036, "Epoch_43": 0.003756915219128132, "Epoch_44": 0.0036399310920387506, "Epoch_45": 0.0035630171187222004, "Epoch_46": 0.0037313534412533045, "Epoch_47": 0.003588400548323989, "Epoch_48": 0.003638065652921796}